timestamp,label,state,rssi_std,snr,peak_freq,confirmed
2026-08-24T22:11:02.742285,desk,ACTIVE,1.8307536564533426,,,
2026-08-24T22:11:02.743008,desk,NO_RESPONSE,1.1322804803197573,4.7713204151170885,0.40201005025125625,0.0
2026-08-24T22:11:02.743334,desk,SLEEP_NORMAL,0.8407563512292711,4.640873271764729,0.35000000000000003,1.0
2026-08-24T22:11:02.743598,desk,SLEEP_NORMAL,0.6521983771938455,9.00068933334139,0.35000000000000003,1.0
2026-08-24T22:11:02.743843,desk,NO_RESPONSE,0.545797204711232,1.07998602085842,0.4522613065326633,
2026-08-24T22:11:02.744083,desk,NO_RESPONSE,0.43036291576562824,1.7995738273446464,0.20100502512562812,
2026-08-24T22:11:02.744320,desk,SLEEP_NORMAL,0.4850872436565226,2.02021866205024,0.3517587939698492,1.0
2026-08-24T22:11:02.744545,desk,SLEEP_NORMAL,0.6808361492947557,9.660518862813069,0.3517587939698492,1.0
2026-08-24T22:11:02.744768,desk,NO_RESPONSE,0.7098847574087175,1.176961863981738,0.4522613065326633,
2026-08-24T22:11:02.744990,desk,SLEEP_NORMAL,0.6854682176377412,4.435763308472645,0.4522613065326633,1.0
2026-08-24T22:11:02.745212,desk,SLEEP_NORMAL,0.7864748753722758,2.2060524043827283,0.35000000000000003,1.0
2026-08-24T22:11:02.745433,desk,SLEEP_NORMAL,0.8240634787101269,3.9335909793494133,0.25,1.0
2026-08-24T22:11:02.745658,desk,SLEEP_NORMAL,0.892528665214199,6.014387533108967,0.3015075376884422,1.0
2026-08-24T22:11:02.745897,desk,SLEEP_NORMAL,0.9323018579418844,3.96806858956158,0.35000000000000003,1.0
2026-08-24T22:11:02.746137,desk,NO_RESPONSE,0.7066187946352279,1.6612954137785445,0.3517587939698492,
2026-08-24T22:11:02.746366,desk,SLEEP_NORMAL,0.7640445019007699,2.6331277410085887,0.3015075376884422,1.0
2026-08-24T22:11:02.746580,desk,NO_RESPONSE,1.04567991274633,1.7039686906525626,0.20100502512562812,
2026-08-24T22:11:02.746821,desk,SLEEP_NORMAL,0.9711778568691298,3.1422611874193715,0.3517587939698492,1.0
2026-08-24T22:11:02.747061,desk,NO_RESPONSE,0.9223131096775616,1.6053832823485306,0.3517587939698492,
2026-08-24T22:11:02.747277,desk,SLEEP_NORMAL,0.8344181775507091,5.235925452983222,0.2,1.0
2026-08-24T22:11:02.747490,desk,SLEEP_NORMAL,0.8337431208388949,3.405002685280224,0.35000000000000003,1.0
2026-08-24T22:11:02.747726,desk,NO_RESPONSE,0.9587188056336716,1.4556323757763145,0.20100502512562812,
2026-08-24T22:11:02.747971,desk,SLEEP_NORMAL,1.019822043565907,5.540768117007736,0.20100502512562812,1.0
2026-08-24T22:16:12.671531,bed,NO_DATA,,,,
2026-08-24T22:16:22.721097,bed,NO_DATA,,,,
2026-08-24T22:17:13.221774,bed,NO_DATA,,,,
2026-08-24T22:17:23.265172,bed,NO_DATA,,,,
2026-08-24T22:17:33.306284,bed,NO_DATA,,,,
2026-08-24T22:17:43.351493,bed,NO_DATA,,,,
2026-08-24T22:17:53.397221,bed,NO_DATA,,,,
2026-08-24T22:18:03.439416,bed,NO_DATA,,,,
2026-08-24T22:18:13.474996,bed,NO_DATA,,,,
2026-08-24T22:18:23.519376,bed,NO_DATA,,,,
2026-08-24T22:20:50.083752,bed,ACTIVE,1.98256287556172,,,
2026-08-24T22:21:00.168667,bed,ACTIVE,1.913334698153923,,,
2026-08-24T22:21:10.252850,bed,ACTIVE,8.45501157517784,,,
2026-08-24T22:21:20.324560,bed,ACTIVE,8.50473937329047,,,
2026-08-24T22:21:30.399599,bed,ACTIVE,7.493699521965783,,,
2026-08-24T22:21:40.477850,bed,ACTIVE,8.287133306751953,,,
2026-08-24T22:21:50.556568,bed,ACTIVE,4.764324446116048,,,
2026-08-24T22:22:00.652083,bed,NO_RESPONSE,1.320138549768535,4.137287272400975,0.30000000000000004,0.0
2026-08-24T22:22:10.719373,bed,SLEEP_NORMAL,0.7582321840727306,2.000818481322875,0.4,1.0
2026-08-24T22:22:20.803456,bed,NO_RESPONSE,0.49534826625766426,1.9370553826945975,0.30000000000000004,
2026-08-24T22:22:30.882536,bed,SLEEP_NORMAL,0.5119545068576277,2.5101889027146123,0.4,1.0
2026-08-24T22:22:40.965029,bed,SLEEP_NORMAL,0.5995952876137132,5.300438000692495,0.2,1.0
2026-08-24T22:22:51.044237,bed,SLEEP_NORMAL,0.5754955059069266,4.898705678801708,0.45,1.0
2026-08-24T22:23:01.130018,bed,NO_RESPONSE,0.6684172020779408,1.1659446574131074,0.5,
2026-08-24T22:23:11.197668,bed,SLEEP_NORMAL,0.6829995365656282,2.6875986825959846,0.5,1.0
2026-08-24T22:23:21.281748,bed,SLEEP_NORMAL,1.182887903800623,5.709924895464982,0.2,1.0
2026-08-24T22:23:31.359920,bed,SLEEP_NORMAL,1.1884646323715147,3.734049104615544,0.2,1.0
2026-08-24T22:23:41.440499,bed,SLEEP_NORMAL,0.6804485315449161,2.3400999695131293,0.25,1.0
2026-08-24T22:23:51.527381,bed,NO_RESPONSE,0.6578644985753472,2.8304402794766506,0.4,0.0
2026-08-24T22:24:01.596561,bed,NO_RESPONSE,1.2013585986939936,1.8902109916454313,0.5,
2026-08-24T22:25:06.502186,bed,NO_DATA,,,,
2026-08-24T22:25:16.542220,bed,NO_DATA,,,,
2026-08-24T22:25:26.576832,bed,NO_DATA,,,,
2026-08-24T22:25:36.607330,bed,NO_DATA,,,,
2026-08-24T22:25:46.645233,bed,NO_DATA,,,,
2026-08-24T22:25:56.689408,bed,NO_DATA,,,,
2026-08-24T22:26:06.730477,bed,NO_DATA,,,,
2026-08-24T22:27:34.349242,bed,NO_DATA,,,,
2026-08-24T22:27:44.389722,bed,NO_DATA,,,,
2026-08-24T22:28:04.431989,bed,NO_DATA,,,,
2026-08-24T22:28:14.478080,bed,NO_DATA,,,,
2026-08-24T22:28:24.523680,bed,NO_DATA,,,,
2026-08-24T22:28:34.568319,bed,NO_DATA,,,,
2026-08-24T22:28:44.612728,bed,NO_DATA,,,,
2026-08-24T22:40:08.908434,floor_boards_bed_person,ACTIVE,2.0180265023624466,,,
2026-08-24T22:40:18.987726,floor_boards_bed_person,NO_RESPONSE,1.3963379383384131,7.646618289784997,0.3125,0.0
2026-08-24T22:40:29.066930,floor_boards_bed_person,SLEEP_NORMAL,0.7760827857500965,5.394926094478133,0.35000000000000003,1.0
2026-08-24T22:40:39.067231,floor_boards_bed_person,SLEEP_NORMAL,0.8211299892031068,3.72629017881266,0.25,1.0
2026-08-24T22:40:49.138121,floor_boards_bed_person,SLEEP_NORMAL,0.6785567432621465,5.731495892517652,0.35000000000000003,1.0
2026-08-24T22:40:59.223876,floor_boards_bed_person,NO_RESPONSE,0.8661059455566458,1.9074460582199928,0.5,
2026-08-24T22:41:09.306415,floor_boards_bed_person,SLEEP_NORMAL,1.0320528188875207,2.116757766857694,0.2,1.0
2026-08-24T22:41:19.374309,floor_boards_bed_person,SLEEP_NORMAL,0.8168330994843928,6.119309117651849,0.2,1.0
2026-08-24T22:41:29.463519,floor_boards_bed_person,SLEEP_NORMAL,0.8422618209109959,2.9367300160565857,0.35000000000000003,1.0
2026-08-24T22:41:39.535995,floor_boards_bed_person,SLEEP_NORMAL,0.8552217319635058,4.9216262754323425,0.25,1.0
2026-08-24T22:41:49.623287,floor_boards_bed_person,SLEEP_NORMAL,0.8569451967034188,2.9193996420745645,0.35000000000000003,1.0
2026-08-24T22:41:59.695393,floor_boards_bed_person,SLEEP_NORMAL,1.0468821390253078,3.0048497123940114,0.45,1.0
2026-08-24T22:42:09.774355,floor_boards_bed_person,SLEEP_NORMAL,1.0765694541924244,5.2625211950930035,0.35000000000000003,1.0
2026-08-24T22:42:19.857126,floor_boards_bed_person,SLEEP_NORMAL,0.6775011604398874,4.440026707697216,0.4,1.0
2026-08-24T22:42:29.936740,floor_boards_bed_person,SLEEP_NORMAL,0.9956368851212856,2.5773921249945086,0.5,1.0
2026-08-24T22:42:40.016757,floor_boards_bed_person,NO_RESPONSE,1.067452973536002,1.5653122544684162,0.4,
2026-08-24T22:42:50.088458,floor_boards_bed_person,SLEEP_NORMAL,0.722662929161081,3.6825676519424673,0.35000000000000003,1.0
2026-08-24T22:43:00.172696,floor_boards_bed_person,SLEEP_NORMAL,1.3764414406507879,2.507219706958293,0.4,1.0
2026-08-24T22:43:10.251442,floor_boards_bed_person,ACTIVE,1.7068892796223962,,,
2026-08-24T22:43:20.325688,floor_boards_bed_person,ACTIVE,1.6097218167915863,,,
2026-08-24T22:43:30.420478,floor_boards_bed_person,SLEEP_NORMAL,1.3608812689683847,2.7288630201317123,0.35000000000000003,1.0
2026-08-24T22:43:40.488304,floor_boards_bed_person,SLEEP_NORMAL,0.7832528896744485,5.008789302183741,0.5,1.0
2026-08-24T22:43:50.568763,floor_boards_bed_person,SLEEP_NORMAL,0.7654525263875358,6.467110128697551,0.35000000000000003,1.0
2026-08-24T22:45:16.454291,floor_boards_bed_person,NO_DATA,,,,
2026-08-24T22:45:26.488451,floor_boards_bed_person,NO_DATA,,,,
2026-08-24T22:46:04.772972,floor_boards_bed_person,NO_DATA,,,,
2026-08-24T22:47:00.816319,floor,NO_DATA,,,,
2026-08-24T22:47:10.859481,floor,NO_DATA,,,,
2026-08-24T22:47:20.899742,floor,NO_DATA,,,,
2026-08-24T22:47:31.230683,floor,ACTIVE,1.8027756377319946,,,
2026-08-24T22:47:41.306131,floor,ACTIVE,12.786964493582433,,,
2026-08-24T22:47:51.375582,floor,ACTIVE,10.434504408402391,,,
2026-08-24T22:48:01.459764,floor,ACTIVE,2.206268912446083,,,
2026-08-24T22:48:11.540329,floor,NO_RESPONSE,1.035806493219348,12.356518810961578,0.2,0.0
2026-08-24T22:48:21.617174,floor,NO_RESPONSE,1.379986101411635,2.51186220956416,0.45,0.0
2026-08-24T22:48:31.702916,floor,SLEEP_NORMAL,1.2502231943594255,2.30156309299059,0.4,1.0
2026-08-24T22:48:41.789137,floor,SLEEP_NORMAL,1.1902827223746772,7.189762446461484,0.4,1.0
2026-08-24T22:48:51.862369,floor,NO_RESPONSE,0.7689765805271209,3.623477846680511,0.2,0.0
2026-08-24T22:49:01.938058,floor,SLEEP_NORMAL,1.2895476328495359,4.09193018932556,0.35000000000000003,1.0
2026-08-24T22:49:12.013979,floor,NO_RESPONSE,1.4701272413137028,1.4489932909777938,0.45,
2026-08-24T22:49:22.108071,floor,NO_RESPONSE,1.1245149056592938,1.3234353450199168,0.25,
2026-08-24T22:49:32.176021,floor,SLEEP_NORMAL,1.211623920822878,4.206976328053063,0.35000000000000003,1.0
2026-08-24T22:49:42.257284,floor,SLEEP_NORMAL,0.9996411983858029,2.4879683113454267,0.4,1.0
2026-08-24T22:49:52.337874,floor,SLEEP_NORMAL,0.9302312019507992,4.121430749611576,0.5,1.0
2026-08-24T22:50:02.426268,floor,NO_RESPONSE,1.3514210136215263,1.5612046650317501,0.35000000000000003,
2026-08-24T22:50:12.493888,floor,NO_RESPONSE,1.3058031091779758,1.785701747390946,0.45,
2026-08-24T22:50:22.578327,floor,NO_RESPONSE,1.245975241454888,1.4488956832284239,0.4,
2026-08-24T22:50:32.654228,floor,ACTIVE,1.5833305361593624,,,
2026-08-24T23:10:58.551291,empty,NO_DATA,,,,
2026-08-24T23:11:27.352404,empty,NO_DATA,,,,
2026-08-24T23:11:37.399643,empty,NO_DATA,,,,
2026-08-24T23:12:16.358577,empty,ACTIVE,3.397808987675372,,,
2026-08-24T23:12:26.438061,empty,ACTIVE,3.4731016345018766,,,
2026-08-24T23:12:36.514004,empty,ACTIVE,2.5957115467462484,,,
2026-08-24T23:12:46.595255,empty,NO_RESPONSE,1.1477192804616247,2.610776717649269,0.2,0.0
2026-08-24T23:12:56.672771,empty,SLEEP_NORMAL,0.9147542414477107,9.044269506110421,0.25,1.0
2026-08-24T23:13:06.752646,empty,NO_RESPONSE,0.7021052618726202,1.6748319717272135,0.2,
2026-08-24T23:13:16.837918,empty,NO_RESPONSE,1.3935151833857178,2.242568946108802,0.45,0.0
2026-08-24T23:13:26.909760,empty,SLEEP_NORMAL,1.2043176762691514,3.1054370707219263,0.45,1.0
2026-08-24T23:13:36.996652,empty,SLEEP_NORMAL,0.9223507802420002,4.5639043823862355,0.25,1.0
2026-08-24T23:13:47.070159,empty,SLEEP_NORMAL,0.8367044898084988,5.275474248927394,0.2,1.0
2026-08-24T23:13:57.165555,empty,SLEEP_NORMAL,0.8743129723393773,3.116487848531042,0.5,1.0
2026-08-24T23:14:07.228673,empty,NO_RESPONSE,1.1289763745628105,1.1693113922116003,0.2,
2026-08-24T23:14:17.310973,empty,NO_RESPONSE,1.3422958037226214,1.3144841275741326,0.2,
2026-08-24T23:14:27.393587,empty,SLEEP_NORMAL,1.3214174590293444,2.0461351694650536,0.2,1.0
2026-08-24T23:14:37.472251,empty,SLEEP_NORMAL,0.8730701017685254,8.159080523323437,0.2,1.0
2026-08-24T23:14:47.551225,empty,SLEEP_NORMAL,0.8602388382623712,5.45307818361352,0.45,1.0
2026-08-24T23:14:57.628932,empty,SLEEP_NORMAL,1.1322137346987269,3.1940857442322925,0.30000000000000004,1.0
2026-08-24T23:15:07.708151,empty,ACTIVE,3.470677093853002,,,
2026-08-24T23:15:17.792786,empty,ACTIVE,4.976937805226406,,,
